model_id,rmse,mse,mae,rmsle,mean_residual_deviance
StackedEnsemble_AllModels_3_AutoML_1_20260725_95621,150.16693970847896,22550.109781409952,117.3124420661496,0.1578064715235989,22550.109781409952
StackedEnsemble_AllModels_2_AutoML_1_20260725_95621,150.23493346595146,22570.53523351886,117.38587143790434,0.1578994059063801,22570.53523351886
StackedEnsemble_BestOfFamily_4_AutoML_1_20260725_95621,150.24702579138813,22574.16875915805,117.40114112176452,0.1579047513843395,22574.16875915805
StackedEnsemble_BestOfFamily_3_AutoML_1_20260725_95621,150.26444848940974,22579.404479826477,117.4345598547886,0.1579588620368798,22579.404479826477
GBM_5_AutoML_1_20260725_95621,150.32887215466496,22598.7698032936,117.48261145982757,0.1580634710142891,22598.7698032936
GBM_grid_1_AutoML_1_20260725_95621_model_19,150.36000302619894,22608.13051003855,117.5399243588716,0.1580592475757877,22608.13051003855
StackedEnsemble_AllModels_1_AutoML_1_20260725_95621,150.4050614968824,22621.68252388098,117.50823729494694,0.1579701992773987,22621.68252388098
StackedEnsemble_BestOfFamily_2_AutoML_1_20260725_95621,150.428965540883,22628.87367370017,117.55376949755416,0.1580091142208043,22628.87367370017
GBM_grid_1_AutoML_1_20260725_95621_model_22,150.44945578164445,22635.038744992984,117.52446505048016,0.1581794325499512,22635.038744992984
GBM_grid_1_AutoML_1_20260725_95621_model_12,150.46100797333648,22638.51492035242,117.60003938547176,0.1581435893472989,22638.51492035242
GBM_2_AutoML_1_20260725_95621,150.46805864570229,22640.6366726065,117.59721418124866,0.158130796098113,22640.6366726065
GBM_grid_1_AutoML_1_20260725_95621_model_1,150.47707291995286,22643.349474556813,117.6125760624942,0.1582599407190601,22643.349474556813
GBM_grid_1_AutoML_1_20260725_95621_model_14,150.49413403006034,22648.484377457764,117.59713453664088,0.1581261586210694,22648.484377457764
GBM_grid_1_AutoML_1_20260725_95621_model_15,150.4987138632636,22649.862874496484,117.6470814261459,0.1581332484836774,22649.862874496484
GBM_grid_1_AutoML_1_20260725_95621_model_29,150.7366406028368,22721.534820228797,118.05524093582127,0.1586092848219355,22721.534820228797
GBM_grid_1_AutoML_1_20260725_95621_model_33,150.8197373305028,22746.593168441857,117.78007871119574,0.1584812355347078,22746.593168441857
GBM_grid_1_AutoML_1_20260725_95621_model_46,150.82445297894762,22748.015616398785,118.09585597718365,0.1586640983412536,22748.015616398785
GBM_grid_1_AutoML_1_20260725_95621_model_31,150.90713243770256,22772.962620570303,118.00469711031106,0.159015589240333,22772.962620570303
GBM_grid_1_AutoML_1_20260725_95621_model_28,150.9101692738025,22773.87919024772,117.92438759714982,0.1587067274280252,22773.87919024772
GBM_3_AutoML_1_20260725_95621,150.9916810440671,22798.48774451329,118.08745938576152,0.1588012382109938,22798.48774451329
StackedEnsemble_BestOfFamily_1_AutoML_1_20260725_95621,151.01213944763552,22804.66626055212,117.95796577453456,0.1585889385888187,22804.66626055212
GBM_grid_1_AutoML_1_20260725_95621_model_6,151.05302703001976,22817.016974931885,118.0283485320202,0.1587355727074741,22817.016974931885
GBM_1_AutoML_1_20260725_95621,151.08783249669085,22827.533128548115,118.0453027043314,0.1587458231029937,22827.533128548115
GBM_grid_1_AutoML_1_20260725_95621_model_35,151.0882100450773,22827.6472146254,118.15073080428851,0.1586368634768958,22827.6472146254
GBM_grid_1_AutoML_1_20260725_95621_model_37,151.1089899964217,22833.92685773868,118.07570351456653,0.1587404009479136,22833.92685773868
GBM_grid_1_AutoML_1_20260725_95621_model_13,151.19728624802642,22860.619368767635,118.09391339656796,0.1588874184177223,22860.619368767635
GBM_grid_1_AutoML_1_20260725_95621_model_26,151.33657653440147,22902.759397152757,118.33846421984812,0.1591232198515867,22902.759397152757
GBM_grid_1_AutoML_1_20260725_95621_model_18,151.3881127654069,22918.36068667156,118.40023639806816,0.1592373464729056,22918.36068667156
GBM_grid_1_AutoML_1_20260725_95621_model_44,151.46606862400463,22941.969944411685,118.62874664884592,0.159297545375001,22941.969944411685
GBM_grid_1_AutoML_1_20260725_95621_model_39,151.61711567454375,22987.74976546798,118.48639525871654,0.1593779170995511,22987.74976546798
GBM_grid_1_AutoML_1_20260725_95621_model_5,151.64692386546128,22996.78951785701,118.66519820129926,0.1597125582531968,22996.78951785701
GBM_grid_1_AutoML_1_20260725_95621_model_43,151.68677905478185,23008.878940014205,118.76316580148726,0.1596222528410214,23008.878940014205
GBM_grid_1_AutoML_1_20260725_95621_model_27,151.78278310045798,23038.01324572067,118.61441648678364,0.1593082081408394,23038.01324572067
GBM_grid_1_AutoML_1_20260725_95621_model_40,151.87618714686215,23066.376222268696,118.87805685826405,0.1598641845123791,23066.376222268696
GBM_grid_1_AutoML_1_20260725_95621_model_38,151.9059927794924,23075.4306423232,118.77685805768866,0.1595199425974078,23075.4306423232
GBM_grid_1_AutoML_1_20260725_95621_model_21,151.93694660246376,23084.835742879925,118.96005892636984,0.1599449805922367,23084.835742879925
GBM_grid_1_AutoML_1_20260725_95621_model_16,151.98184115156278,23098.480039818856,118.93038935163244,0.1599500551741768,23098.480039818856
GBM_grid_1_AutoML_1_20260725_95621_model_45,151.98655891021198,23099.91408936734,118.8434104426704,0.1597510461667825,23099.91408936734
GBM_grid_1_AutoML_1_20260725_95621_model_23,152.109044244844,23137.161341079907,118.88042916813548,0.1597757217334942,23137.161341079907
GBM_grid_1_AutoML_1_20260725_95621_model_7,152.12572084232414,23142.23494179673,119.11031941944944,0.160137854689543,23142.23494179673
GBM_grid_1_AutoML_1_20260725_95621_model_32,152.17597184136218,23157.52640586306,119.30080748052546,0.1600558097769238,23157.52640586306
GBM_4_AutoML_1_20260725_95621,152.42982687028788,23234.85211970593,119.2510331032276,0.1603156465133228,23234.85211970593
GBM_grid_1_AutoML_1_20260725_95621_model_42,152.58228617915495,23281.35405565753,119.33436478310988,0.1602567153428065,23281.35405565753
GBM_grid_1_AutoML_1_20260725_95621_model_10,152.6627236970343,23305.90720659704,119.35087761574054,0.1602080251896818,23305.90720659704
GBM_grid_1_AutoML_1_20260725_95621_model_36,152.6749693825071,23309.646275949483,119.38036865588718,0.1606401371985607,23309.646275949483
GBM_grid_1_AutoML_1_20260725_95621_model_30,152.7840919101352,23342.978740804643,119.38195839742056,0.1606162421967833,23342.978740804643
GBM_grid_1_AutoML_1_20260725_95621_model_41,152.87807173277466,23371.70481673139,119.66955118583648,0.1608370725861472,23371.70481673139
GBM_grid_1_AutoML_1_20260725_95621_model_17,152.97315921954808,23400.78744160921,119.76871080705212,0.1610067805262679,23400.78744160921
GBM_grid_1_AutoML_1_20260725_95621_model_2,153.25915911835136,23488.36985366414,119.7735006484316,0.1610017096405399,23488.36985366414
GBM_grid_1_AutoML_1_20260725_95621_model_20,153.59045817752315,23590.028843181484,120.61413598124996,0.1616091193335508,23590.028843181484
GBM_grid_1_AutoML_1_20260725_95621_model_8,153.96222873627016,23704.36787743957,120.5966913110488,0.1622653918064066,23704.36787743957
GBM_grid_1_AutoML_1_20260725_95621_model_25,154.15529422544412,23763.85473773325,120.66005250369398,0.1622828601621948,23763.85473773325
GBM_grid_1_AutoML_1_20260725_95621_model_4,154.4231057200772,23846.49558023413,120.97878036176928,0.1624169396238859,23846.49558023413
GBM_grid_1_AutoML_1_20260725_95621_model_9,154.73456236397664,23942.78478997137,121.10962124033628,0.1626072500742019,23942.78478997137
GBM_grid_1_AutoML_1_20260725_95621_model_11,154.84490077021124,23976.94329453656,121.17378199290486,0.1627332911527481,23976.94329453656
GBM_grid_1_AutoML_1_20260725_95621_model_34,157.33623220268777,24754.689963738085,123.26871213709585,0.1655101386825588,24754.689963738085
GBM_grid_1_AutoML_1_20260725_95621_model_3,157.955034005912,24949.79276780882,123.58825626919057,0.1665955022410246,24949.79276780882
GLM_1_AutoML_1_20260725_95621,158.19605702896564,25025.99245951175,124.11047445252872,0.1663444943331636,25025.99245951175
DeepLearning_grid_1_AutoML_1_20260725_95621_model_1,159.31199201546735,25380.31079993634,125.37918596046734,0.168152981723523,25380.31079993634
DeepLearning_1_AutoML_1_20260725_95621,161.40500802374015,26051.576615143626,127.50590187874788,0.1754526683196096,26051.576615143626
DRF_1_AutoML_1_20260725_95621,161.93588338293222,26223.230327010624,126.41339115972832,0.1688867657553874,26223.230327010624
GBM_grid_1_AutoML_1_20260725_95621_model_24,164.34773241656157,27010.177150465726,128.47304426683863,0.1717258474392939,27010.177150465726
DeepLearning_grid_2_AutoML_1_20260725_95621_model_1,181.21799025268325,32839.9599912216,142.91700660809803,0.1956033329840693,32839.9599912216
DeepLearning_grid_1_AutoML_1_20260725_95621_model_2,183.45958592859915,33657.41966909305,144.6945486776614,0.1973734532496016,33657.41966909305
DeepLearning_grid_2_AutoML_1_20260725_95621_model_2,185.2378396793229,34313.05724906252,146.67831004311455,0.1970831408753441,34313.05724906252
XRT_1_AutoML_1_20260725_95621,186.8526844762777,34913.92569599138,151.0089049285843,0.2068954507200569,34913.92569599138
DeepLearning_grid_3_AutoML_1_20260725_95621_model_1,191.0074205005836,36483.83468628676,153.17045417756424,0.2094507151820124,36483.83468628676
DeepLearning_grid_1_AutoML_1_20260725_95621_model_3,199.65660849127977,39862.76131424015,158.37784547639734,0.2115752715832996,39862.76131424015
DeepLearning_grid_1_AutoML_1_20260725_95621_model_4,202.98791788528595,41204.09480740359,159.3891822540748,0.2225126692806097,41204.09480740359
